<?xml version="1.0" encoding="UTF-8"?>
<project-private xmlns="http://www.netbeans.org/ns/project-private/1">
    <editor-bookmarks xmlns="http://www.netbeans.org/ns/editor-bookmarks/2" lastBookmarkId="0"/>
    <open-files xmlns="http://www.netbeans.org/ns/projectui-open-files/2">
        <group>
            <file>file:/F:/fci/G.project/DjVuReader++/src/com/lizardtech/djview/frame/StartPage.java</file>
            <file>file:/F:/fci/G.project/DjVuReader++/src/MainPage/Djvu2Images.java</file>
            <file>file:/F:/fci/G.project/DjVuReader++/src/MainPage/ChoosePanel.java</file>
            <file>file:/F:/fci/G.project/DjVuReader++/src/com/lizardtech/djvubean/RibbonMenu/DjvuComponents.java</file>
            <file>file:/F:/fci/G.project/DjVuReader++/src/CreatDjVu/Textpdf.java</file>
            <file>file:/F:/fci/G.project/DjVuReader++/src/com/lizardtech/djvubean/RibbonMenu/ColorSelector.java</file>
            <file>file:/F:/fci/G.project/DjVuReader++/src/MainPage/DjVu2PDFPanel.java</file>
            <file>file:/F:/fci/G.project/DjVuReader++/src/CreatDjVu/NewDjvu.java</file>
            <file>file:/F:/fci/G.project/DjVuReader++/src/com/lizardtech/djview/frame/DjvuStart.java</file>
            <file>file:/F:/fci/G.project/DjVuReader++/src/CreatDjVu/NewDjvuFromClib.java</file>
            <file>file:/F:/fci/G.project/DjVuReader++/src/MainPage/OCROnImagePanel.java</file>
        </group>
    </open-files>
</project-private>
